{
  "type" : "source",
  "canonicalizer" : "system",
  "charset" : "UTF-8",
  "format" : {
    "formatType" : "csv",
    "delimiter" : ";",
    "commentPrefix" : null,
    "header" : [ "id", "name", "sizing", "weight_in_gram", "type", "category", "usda_id", "updated" ]
  },
  "name" : "products",
  "identifier" : "products",
  "schema" : "flexible",
  "connector" : {
    "directoryURI" : "",
    "fileURIs" : [ "https://github.com/DataSQRL/sqrl/raw/1bc64dd4d1f8c5d336383cfc18d56736d24a5019/sqrl-examples/quickstart/data/products.csv.gz" ],
    "filenamePattern" : "^([^\\.]+?)(?:_part.*)?$",
    "systemType" : "dir"
  }
}